Ref,Val,Package,PosX,PosY,Rot,Side
"BT1","21700 Li-ion","BAT-SMD_L82.5.5-W25-BH-21700-B1BJ001",138.450000,-83.060000,90.000000,bottom
"BT2","21700 Li-ion","BAT-SMD_L82.5.5-W25-BH-21700-B1BJ001",113.300000,-83.150000,-90.000000,bottom
"C1","2.2uF","C_0402_1005Metric",135.950000,-158.050000,0.000000,bottom
"C2","2.2uF","C_0402_1005Metric",139.750000,-135.150000,90.000000,bottom
"C13","2.2uF","C_0402_1005Metric",115.050000,-159.550000,180.000000,bottom
"C14","10uF","C_0805_2012Metric",111.750000,-162.650000,-90.000000,bottom
"C16","10uF","C_0603_1608Metric",112.500000,-139.300000,180.000000,bottom
"C21","10nF","C_0402_1005Metric",154.350000,-151.450000,180.000000,bottom
"C22","10nF","C_0402_1005Metric",154.350000,-152.700000,180.000000,bottom
"C23","10nF","C_0402_1005Metric",150.500000,-149.350000,-90.000000,bottom
"C24","100nF","C_0402_1005Metric",154.050000,-149.210000,-90.000000,bottom
"C26","10uF","C_1206_3216Metric",141.950000,-150.487500,-90.000000,bottom
"C28","10uF","C_1206_3216Metric",132.700000,-156.450000,0.000000,bottom
"C29","10uF","C_1206_3216Metric",132.700000,-154.100000,180.000000,bottom
"C30","10uF","C_1206_3216Metric",144.250000,-150.512500,-90.000000,bottom
"C31","4.7uF","C_0805_2012Metric",136.800000,-151.350000,180.000000,bottom
"C32","10uF","C_1206_3216Metric",132.732500,-151.787500,180.000000,bottom
"C34","10uF","C_1206_3216Metric",139.650000,-150.487500,-90.000000,bottom
"C37","1uF","C_0603_1608Metric",133.522500,-149.897500,180.000000,bottom
"C42","10uF","C_0805_2012Metric",133.222500,-140.297500,90.000000,bottom
"C43","1uF","C_0402_1005Metric",134.722500,-140.747500,90.000000,bottom
"C44","10uF","C_0805_2012Metric",138.122500,-141.462500,0.000000,bottom
"C45","1uF","C_0402_1005Metric",135.922500,-140.747500,90.000000,bottom
"C46","1uF","C_0402_1005Metric",131.100000,-149.650000,0.000000,bottom
"C48","10uF","C_0805_2012Metric",110.200000,-132.500000,180.000000,bottom
"C90","10uF","C_1206_3216Metric",148.250000,-160.950000,90.000000,bottom
"C137","10uF","C_0603_1608Metric",106.350000,-137.450000,0.000000,bottom
"C176","1uF","C_0402_1005Metric",117.200000,-142.050000,0.000000,bottom
"C180","1uF","C_0402_1005Metric",125.850000,-38.750000,0.000000,bottom
"C184","100nF","C_0402_1005Metric",136.050000,-149.747500,0.000000,bottom
"D1","ESDS314DBVR","SOT-23-5",137.900000,-137.837500,180.000000,bottom
"D3","ESDS314DBVR","SOT-23-5",122.587500,-155.450000,180.000000,bottom
"D4","1N5819WS","D_SOD-323",118.950000,-154.650000,90.000000,bottom
"D7","TVS2200DRV","WSON-6-1EP_2x2mm_P0.65mm_EP1x1.6mm",150.675000,-160.862500,90.000000,bottom
"D9","SS36B","D_SMB",150.950000,-155.950000,0.000000,bottom
"F1","1A hold","Fuse_0805_2012Metric",141.350000,-135.450000,-90.000000,bottom
"F4","350mA hold","Fuse_0805_2012Metric",116.950000,-156.650000,90.000000,bottom
"F6","3A hold","Fuse_1812_4532Metric",111.300000,-136.600000,180.000000,bottom
"J1","SPI BUS","HDR-SMD_6P-P2.54-H-F-W11.7",144.937500,-139.965000,-90.000000,bottom
"J2","I2C3","JST_SH_SM04B-SRSS-TB_1x04-1MP_P1.00mm_Horizontal",133.850000,-161.950000,180.000000,bottom
"J4","I2C2","PinSocket_1x04_P2.54mm_Vertical",98.150000,-107.870000,0.000000,bottom
"J5","e-Ink Display Connector","Molex_PicoBlade_53261-0871_1x08-1MP_P1.25mm_Horizontal",121.350000,-162.150000,180.000000,bottom
"J8","PD_I2C DEBUG","PinSocket_1x04_P2.54mm_Vertical",98.000000,-94.910000,0.000000,bottom
"J9","BAT_PORT","Molex_PicoBlade_53261-0271_1x02-1MP_P1.25mm_Horizontal",152.750000,-127.250000,-90.000000,bottom
"J10","SOLAR","JST_PH_S2B-PH-SM4-TB_1x02-1MP_P2.00mm_Horizontal",142.500000,-160.150000,180.000000,bottom
"J14","GPIO_Expander","HDR-SMD_16P-P2.54_HXPM2.54-2X8PWT",109.587500,-150.560000,90.000000,bottom
"J15","LED 5V","JST_XH_S4B-XH-SM4-TB_1x04-1MP_P2.50mm_Horizontal",101.850000,-131.800000,90.000000,bottom
"JP6","WRITE_PROTECT","SolderJumper-3_P1.3mm_Bridged12_RoundedPad1.0x1.5mm_NumberLabels",131.320000,-144.400000,180.000000,bottom
"Q16","TPN2R203NC","TSON-8_L3.1-W3.1-P0.65-LS3.3-BL-EP",122.315000,-126.370000,90.000000,bottom
"R1","33","R_0402_1005Metric_Pad0.72x0.64mm_HandSolder",141.550000,-138.650000,0.000000,bottom
"R2","33","R_0402_1005Metric_Pad0.72x0.64mm_HandSolder",141.950000,-141.300000,0.000000,bottom
"R3","33","R_0402_1005Metric_Pad0.72x0.64mm_HandSolder",141.900000,-143.000000,0.000000,bottom
"R4","33","R_0402_1005Metric_Pad0.72x0.64mm_HandSolder",142.200000,-146.350000,0.000000,bottom
"R20","10k","R_0402_1005Metric_Pad0.72x0.64mm_HandSolder",126.750000,-150.600000,-90.000000,bottom
"R26","10k","R_0402_1005Metric_Pad0.72x0.64mm_HandSolder",127.800000,-157.650000,0.000000,bottom
"R133","10k","R_0402_1005Metric_Pad0.72x0.64mm_HandSolder",119.350000,-142.050000,180.000000,bottom
"RN1","10k","R_Array_Concave_4x0402",127.950000,-147.900000,0.000000,bottom
"TH1","10k","R_0603_1608Metric",137.450000,-118.000000,180.000000,bottom
"TH2","10k","R_0603_1608Metric",112.975000,-58.350000,0.000000,bottom
"TH3","10k","R_0603_1608Metric",137.650000,-105.000000,0.000000,bottom
"TH4","10k","R_0603_1608Metric",112.650000,-84.350000,0.000000,bottom
"TH5","10k","R_0603_1608Metric",114.800000,-112.000000,0.000000,bottom
"TP15","GPIO_EXP_RESET","TestPoint_Pad_D1.5mm",116.850000,-139.950000,180.000000,bottom
"U3","TVS2200DRV","WSON-6-1EP_2x2mm_P0.65mm_EP1x1.6mm",152.250000,-149.600000,90.000000,bottom
"U17","TCAL9539RTWRQ1","TQFN-24_L4.0-W4.0-P0.50-BL-EP2.3",116.980000,-145.100000,-90.000000,bottom
"U18","WS2816B","LED-SMD_6P-L5.0-W5.0-TL",121.650000,-38.750000,180.000000,bottom
"U20","WS2816B","LED-SMD_6P-L5.0-W5.0-TL",130.050000,-38.750000,180.000000,bottom
"U21","M24512-DFMC6TG","DFN-8-1EP_3x2mm_P0.5mm_EP1.36x1.46mm",131.075000,-147.400000,0.000000,bottom
"BT3","MS621FE 5.5mAh","BatteryHolder_Seiko_MS621F",100.050000,-74.831900,90.000000,top
"C3","2.2uF","C_0402_1005Metric",144.700000,-140.350000,180.000000,top
"C5","100nF","C_0402_1005Metric",105.950000,-159.860000,-90.000000,top
"C6","7pF","C_0402_1005Metric",132.843750,-152.520000,90.000000,top
"C7","7pF","C_0402_1005Metric",132.843750,-150.570000,90.000000,top
"C8","2.2uF","C_0402_1005Metric",98.000000,-113.050000,0.000000,top
"C10","10uF","C_0603_1608Metric",127.950000,-157.650000,0.000000,top
"C11","10uF","C_0603_1608Metric",128.000000,-155.000000,0.000000,top
"C12","10uF","C_0603_1608Metric",132.800000,-38.750000,0.000000,top
"C17","1uF","C_0402_1005Metric",103.850000,-145.600000,90.000000,top
"C18","1uF","C_0402_1005Metric",144.750000,-145.700000,-90.000000,top
"C19","100nF","C_0402_1005Metric",141.720000,-150.000000,180.000000,top
"C20","1uF","C_0402_1005Metric",136.250000,-152.200000,180.000000,top
"C25","1uF","C_0402_1005Metric",136.230000,-153.150000,0.000000,top
"C27","10uF","C_1206_3216Metric",134.950000,-118.250000,90.000000,top
"C33","330pF","C_0402_1005Metric",138.650000,-146.700000,0.000000,top
"C35","10uF","C_1206_3216Metric",100.870000,-108.380000,-90.000000,top
"C36","330pF","C_0402_1005Metric",138.600000,-147.700000,0.000000,top
"C38","10uF","C_0805_2012Metric",137.872500,-140.512500,90.000000,top
"C39","1uF","C_0402_1005Metric",138.422500,-142.847500,0.000000,top
"C40","10uF","C_0805_2012Metric",140.500000,-143.400000,90.000000,top
"C41","1uF","C_0402_1005Metric",138.022500,-144.250000,90.000000,top
"C47","10nF","C_0402_1005Metric",110.850000,-127.650000,-90.000000,top
"C49","100nF","C_0402_1005Metric",110.600000,-120.150000,0.000000,top
"C50","100nF","C_0402_1005Metric",111.712500,-118.050000,0.000000,top
"C51","100nF","C_0402_1005Metric",109.050000,-121.150000,180.000000,top
"C52","1uF","C_0402_1005Metric",107.650000,-121.745000,90.000000,top
"C53","0.47uF","C_0402_1005Metric",106.650000,-122.070000,-90.000000,top
"C54","100nF","C_0402_1005Metric",103.730000,-125.150000,180.000000,top
"C55","0.47uF","C_0402_1005Metric",114.740000,-122.350000,180.000000,top
"C56","0.47uF","C_0402_1005Metric",114.500000,-125.000000,180.000000,top
"C57","10uF","C_1206_3216Metric",115.390000,-115.150000,90.000000,top
"C58","0.47uF","C_0402_1005Metric",114.061250,-127.650000,-90.000000,top
"C59","10uF","C_1206_3216Metric",122.550000,-117.550000,-90.000000,top
"C60","10uF","C_1206_3216Metric",119.050000,-113.150000,180.000000,top
"C61","100nF","C_0402_1005Metric",105.330000,-126.630000,90.000000,top
"C62","2.2uF","C_0805_2012Metric",109.290000,-98.150000,90.000000,top
"C63","10uF","C_1206_3216Metric",119.050000,-115.450000,180.000000,top
"C64","100nF","C_0402_1005Metric",110.100000,-100.900000,90.000000,top
"C65","10uF","C_1206_3216Metric",118.975000,-110.850000,180.000000,top
"C66","100nF","C_0402_1005Metric",108.681250,-127.750000,0.000000,top
"C67","10uF","C_0805_2012Metric",103.261250,-132.650000,0.000000,top
"C68","10uF","C_0805_2012Metric",100.580000,-120.150000,180.000000,top
"C69","10uF","C_0805_2012Metric",100.061250,-129.950000,90.000000,top
"C70","10uF","C_0805_2012Metric",97.861250,-129.950000,90.000000,top
"C71","10uF","C_1206_3216Metric",114.290000,-95.250000,0.000000,top
"C72","100nF","C_0402_1005Metric",115.850000,-100.000000,180.000000,top
"C73","10uF","C_1206_3216Metric",104.320000,-109.670000,0.000000,top
"C74","10uF","C_1206_3216Metric",104.320000,-107.290000,0.000000,top
"C75","47nF","C_0402_1005Metric",114.090000,-99.550000,90.000000,top
"C76","47nF","C_0402_1005Metric",113.690000,-107.850000,90.000000,top
"C77","47nF","C_0402_1005Metric",112.690000,-107.850000,-90.000000,top
"C78","4.7uF","C_0603_1608Metric",112.090000,-99.350000,180.000000,top
"C79","2.2uF","C_0805_2012Metric",106.100000,-91.150000,180.000000,top
"C80","100nF","C_0402_1005Metric",117.500000,-102.700000,-90.000000,top
"C81","1nF","C_0402_1005Metric_Pad0.74x0.62mm_HandSolder",112.650000,-109.950000,90.000000,top
"C82","10uF","C_1206_3216Metric",119.150000,-94.625000,180.000000,top
"C83","1nF","C_0402_1005Metric_Pad0.74x0.62mm_HandSolder",122.050000,-97.050000,90.000000,top
"C84","10uF","C_1206_3216Metric",115.450000,-109.150000,-90.000000,top
"C85","10uF","C_1206_3216Metric",112.900000,-113.450000,-90.000000,top
"C86","10uF","C_1206_3216Metric",119.150000,-99.225000,180.000000,top
"C87","10uF","C_1206_3216Metric",119.150000,-92.325000,180.000000,top
"C88","10uF","C_1206_3216Metric",119.100000,-96.925000,180.000000,top
"C89","100nF","C_0402_1005Metric",117.500000,-104.600000,90.000000,top
"C91","100nF","C_0402_1005Metric",111.750000,-100.650000,180.000000,top
"C92","10uF","C_1206_3216Metric",118.975000,-108.550000,0.000000,top
"C93","22pF","C_0402_1005Metric",106.100000,-44.350000,-90.000000,top
"C94","1uF","C_0402_1005Metric",108.850000,-45.150000,180.000000,top
"C95","47pF","C_0402_1005Metric",104.517500,-44.250000,90.000000,top
"C96","10nF","C_0402_1005Metric_Pad0.74x0.62mm_HandSolder",103.950000,-45.550000,180.000000,top
"C97","10nF","C_0402_1005Metric_Pad0.74x0.62mm_HandSolder",105.100000,-48.600000,0.000000,top
"C98","10nF","C_0402_1005Metric",114.750000,-123.300000,0.000000,top
"C99","10uF","C_0402_1005Metric",116.150000,-72.350000,180.000000,top
"C100","10uF","C_0402_1005Metric",116.150000,-71.350000,180.000000,top
"C101","4.7uF","C_0402_1005Metric",115.750000,-46.350000,-90.000000,top
"C102","10uF","C_0402_1005Metric",98.950000,-72.400000,-90.000000,top
"C103","10uF","C_0402_1005Metric",100.050000,-72.400000,-90.000000,top
"C104","2.2uF","C_0402_1005Metric",104.450000,-85.950000,0.000000,top
"C105","10nF","C_0402_1005Metric",113.350000,-121.780000,90.000000,top
"C106","10uF","C_0402_1005Metric",107.450000,-85.750000,0.000000,top
"C107","10uF","C_0402_1005Metric",107.050000,-55.450000,-90.000000,top
"C108","2.2nF","C_0402_1005Metric",105.780000,-84.680000,180.000000,top
"C109","2.2nF","C_0402_1005Metric",107.280000,-81.380000,0.000000,top
"C110","10uF","C_0603_1608Metric",110.480000,-79.980000,180.000000,top
"C111","10uF","C_0402_1005Metric",107.980000,-80.280000,180.000000,top
"C112","1nF","C_0402_1005Metric",150.750000,-44.950000,90.000000,top
"C113","1pF","C_0402_1005Metric_Pad0.74x0.62mm_HandSolder",145.725000,-44.050000,180.000000,top
"C114","1pF","C_0402_1005Metric_Pad0.74x0.62mm_HandSolder",147.950000,-46.250000,0.000000,top
"C115","47pF","C_0402_1005Metric",145.870000,-50.700000,0.000000,top
"C116","100nF","C_0402_1005Metric",146.150000,-71.650000,0.000000,top
"C117","1uF","C_0402_1005Metric",118.700000,-73.200000,90.000000,top
"C118","1uF","C_0402_1005Metric",118.650000,-77.250000,-90.000000,top
"C119","22uF","C_1206_3216Metric",116.950000,-76.350000,-90.000000,top
"C120","22uF","C_1206_3216Metric",114.450000,-76.350000,-90.000000,top
"C121","100nF","C_0402_1005Metric",126.087500,-40.850000,90.000000,top
"C122","10uF","C_0603_1608Metric",140.634730,-104.481517,0.000000,top
"C123","10uF","C_0603_1608Metric",140.634730,-106.041518,0.000000,top
"C124","10uF","C_0603_1608Metric",140.634730,-107.601519,0.000000,top
"C125","2.2uF","C_0603_1608Metric",146.589999,-111.654999,0.000000,top
"C126","10uF","C_0603_1608Metric",132.712071,-96.700000,180.000000,top
"C127","10uF","C_0603_1608Metric",132.712071,-99.702069,180.000000,top
"C128","10uF","C_0603_1608Metric",132.712070,-98.197069,180.000000,top
"C129","2.2uF","C_0603_1608Metric",127.302072,-92.900000,-90.000000,top
"C130","10uF","C_0402_1005Metric",107.450000,-87.850000,180.000000,top
"C131","100nF","C_0402_1005Metric",147.459999,-114.065000,180.000000,top
"C132","10nF","C_0402_1005Metric",115.950000,-83.500000,0.000000,top
"C133","220pF","C_0402_1005Metric_Pad0.74x0.62mm_HandSolder",144.770000,-115.635000,-90.000000,top
"C134","10nF","C_0402_1005Metric",107.080000,-109.690000,-90.000000,top
"C135","2.2uF","C_0603_1608Metric",137.787071,-117.377928,0.000000,top
"C136","100nF","C_0402_1005Metric",129.662071,-89.762069,180.000000,top
"C139","220pF","C_0402_1005Metric_Pad0.74x0.62mm_HandSolder",135.919999,-101.455000,180.000000,top
"C141","10uF","C_0603_1608Metric",141.609999,-113.685000,180.000000,top
"C143","10uF","C_0603_1608Metric",141.609999,-115.142500,0.000000,top
"C144","22uF","C_0805_2012Metric",136.172928,-103.677929,-90.000000,top
"C145","2.2uF","C_0603_1608Metric",126.562072,-90.652069,0.000000,top
"C147","22uF","C_0805_2012Metric",138.162928,-103.677930,-90.000000,top
"C153","5.6pF","C_0402_1005Metric_Pad0.74x0.62mm_HandSolder",142.599999,-119.045000,0.000000,top
"C155","22uF","C_0603_1608Metric",141.682071,-86.782069,-90.000000,top
"C156","10uF","C_0603_1608Metric",137.099571,-86.782069,90.000000,top
"C157","22uF","C_0603_1608Metric",138.627071,-86.782069,-90.000000,top
"C158","5.6pF","C_0402_1005Metric_Pad0.74x0.62mm_HandSolder",132.375000,-83.702069,-90.000000,top
"C159","1nF","C_0402_1005Metric",148.032928,-97.827929,-90.000000,top
"C160","1nF","C_0402_1005Metric",151.482928,-97.027929,-90.000000,top
"C161","2.2nF","C_0402_1005Metric",152.392071,-87.092070,-90.000000,top
"C162","2.2nF","C_0402_1005Metric",153.242071,-90.200000,-90.000000,top
"C163","1uF","C_0402_1005Metric",149.932928,-96.477929,0.000000,top
"C164","1uF","C_0402_1005Metric",148.032928,-100.777929,90.000000,top
"C165","22uF","C_0603_1608Metric",122.450000,-89.950000,180.000000,top
"C166","22uF","C_0603_1608Metric",115.250000,-89.150000,-90.000000,top
"C167","22uF","C_0603_1608Metric",153.050000,-98.900000,90.000000,top
"C168","10uF","C_0603_1608Metric",152.362071,-83.842067,0.000000,top
"C169","10uF","C_0603_1608Metric",152.362071,-85.312070,0.000000,top
"C170","22uF","C_0603_1608Metric",116.750000,-89.150000,90.000000,top
"C171","22uF","C_0603_1608Metric",118.250000,-89.150000,90.000000,top
"C177","10uF","C_0603_1608Metric",133.082070,-87.498736,0.000000,top
"C178","1uF","C_0402_1005Metric",123.550000,-136.170000,-90.000000,top
"C179","1uF","C_0402_1005Metric",129.930000,-38.750000,0.000000,top
"C181","2.2uF","C_0402_1005Metric",143.330000,-157.450000,180.000000,top
"C182","1uF","C_0402_1005Metric",130.450000,-160.800000,180.000000,top
"C185","22uF","C_0805_2012Metric",134.182929,-103.677929,-90.000000,top
"C186","22uF","C_0603_1608Metric",140.154572,-86.782069,-90.000000,top
"C187","10uF","C_0603_1608Metric",135.572071,-86.782069,90.000000,top
"C188","10uF","C_0603_1608Metric",133.082070,-90.632069,0.000000,top
"C189","10uF","C_0603_1608Metric",133.082070,-89.065402,0.000000,top
"C190","10uF","C_0603_1608Metric",126.250000,-114.500000,90.000000,top
"C191","10uF","C_0603_1608Metric",126.350000,-106.850000,-90.000000,top
"C192","10uF","C_0603_1608Metric",129.150000,-116.750000,180.000000,top
"D2","ESDS314DBVR","SOT-23-5",140.100000,-131.300000,180.000000,top
"D5","SMF10A","D_SOD-123",150.100000,-125.450000,90.000000,top
"D6","BZX585-C15","D_SOD-523",113.642500,-119.150000,-90.000000,top
"D8","CHARGING","LED_0805_2012Metric",114.890000,-97.550000,180.000000,top
"D10","ESD501","Texas_DPY0002A_0.6x1mm_P0.65mm",103.450000,-41.100000,90.000000,top
"D11","LED Red","LED_0805_2012Metric",103.350000,-74.750000,0.000000,top
"D12","LED Blue","LED_0805_2012Metric",111.550000,-53.650000,0.000000,top
"D13","ESD501","Texas_DPY0002A_0.6x1mm_P0.65mm",112.150000,-39.850000,180.000000,top
"D14","ESD351DPYR","Texas_DPY0002A_0.6x1mm_P0.65mm",117.750000,-71.350000,0.000000,top
"D15","RB531SM-30","D_SOD-523",103.850000,-72.900000,0.000000,top
"D16","RB531SM-30","D_SOD-523",99.250000,-68.060000,-90.000000,top
"D17","TPD1E10B06","Texas_DPY0002A_0.6x1mm_P0.65mm",107.580000,-86.880000,180.000000,top
"D18","PGB1010603","D_0603_1608Metric_Pad1.05x0.95mm_HandSolder",146.550000,-41.250000,0.000000,top
"D19","TPD1E10B06","Texas_DPY0002A_0.6x1mm_P0.65mm",118.892500,-74.850000,0.000000,top
"D20","SMF6.0A","D_SOD-123F",149.730700,-84.767800,90.000000,top
"D21","BAT54A","SOT-23",149.682928,-104.927929,180.000000,top
"D22","BAT54W","SOT-323_SC-70",147.082928,-103.177929,180.000000,top
"D23","BAT54S","SOT-23",105.287500,-113.000000,0.000000,top
"F2","2A hold","Fuse_0805_2012Metric",144.800000,-138.850000,0.000000,top
"F3","1A hold","Fuse_0805_2012Metric",98.100000,-110.800000,-90.000000,top
"F5","10A hold","Fuse_2920_7451Metric",114.461250,-131.750000,180.000000,top
"FB1","BLM18HG601SN1D","L_0603_1608Metric",99.250000,-65.100000,-90.000000,top
"FID1","Fiducial","Fiducial_1mm_Mask2mm",141.350000,-39.260000,0.000000,top
"FID2","Fiducial","Fiducial_1mm_Mask2mm",101.850000,-148.510000,0.000000,top
"FID3","Fiducial","Fiducial_1mm_Mask2mm",151.850000,-159.260000,0.000000,top
"FL1","B39162B8389P810","Filter_1411-5_1.4x1.1mm",104.562500,-50.800000,-90.000000,top
"FL2","0900LP15B0063001E","FILTER-SMD_0805-8P-L2.0-W1.2-TL",147.350000,-47.950000,90.000000,top
"H1","MountingHole_Pad","MountingHole_2.2mm_M2_DIN965_Pad",98.250000,-37.700000,0.000000,top
"H2","MountingHole_Pad","MountingHole_2.2mm_M2_DIN965_Pad",153.400000,-37.700000,0.000000,top
"H3","MountingHole_Pad","MountingHole_2.2mm_M2_DIN965_Pad",98.250000,-162.900000,0.000000,top
"H4","MountingHole_Pad","MountingHole_2.2mm_M2_DIN965_Pad",153.450000,-162.900000,0.000000,top
"J3","I2C1","CONN-SMD_4P-P2.54_HX-PM2.54-1X4PWT",144.712500,-133.245000,90.000000,top
"J6","UART0","JST_SH_SM03B-SRSS-TB_1x03-1MP_P1.00mm_Horizontal",99.200000,-141.400000,-90.000000,top
"J7","USB4105-GF-A-060","USB_C_Receptacle_GCT_USB4105-xx-A_16P_TopMnt_Horizontal",151.650000,-147.200000,90.000000,top
"J11","SMA-KE-347-H13.5-1.6","SMA_Samtec_SMA-J-P-H-ST-EM1_EdgeMount",104.525000,-37.860000,90.000000,top
"J12","U.FL","U.FL_Hirose_U.FL-R-SMT-1_Vertical",113.850000,-37.010000,90.000000,top
"J13","SMA-KE-347-H13.5-1.6","SMA_Samtec_SMA-J-P-H-ST-EM1_EdgeMount",147.325000,-37.850000,90.000000,top
"JP1","SolderJumper_2_Open","SolderJumper-2_P1.3mm_Open_TrianglePad1.0x1.5mm",130.550000,-127.400000,180.000000,top
"JP2","SolderJumper_2_Open","SolderJumper-2_P1.3mm_Open_TrianglePad1.0x1.5mm",126.025000,-127.400000,180.000000,top
"JP3","I2C_IRQ_PULLUP","SolderJumper-2_P1.3mm_Bridged_RoundedPad1.0x1.5mm",133.750000,-134.400000,90.000000,top
"JP4","I2C_SDA_PULLUP","SolderJumper-2_P1.3mm_Bridged_RoundedPad1.0x1.5mm",136.350000,-134.400000,90.000000,top
"JP5","I2C_SCL_PULLUP","SolderJumper-2_P1.3mm_Bridged_RoundedPad1.0x1.5mm",131.150000,-134.400000,90.000000,top
"JP7","ZVC","SolderJumper-2_P1.3mm_Open_RoundedPad1.0x1.5mm",107.461250,-130.000000,-90.000000,top
"JP10","SolderJumper_3_Open","SolderJumper-3_P1.3mm_Open_RoundedPad1.0x1.5mm_NumberLabels",107.550000,-73.450000,90.000000,top
"JP11","I2C/UART/SPI","SolderJumper-3_P1.3mm_Bridged12_RoundedPad1.0x1.5mm",116.250000,-50.750000,0.000000,top
"JP12","SolderJumper_3_Bridged12","SolderJumper-3_P1.3mm_Bridged12_RoundedPad1.0x1.5mm_NumberLabels",101.250000,-65.860000,-90.000000,top
"JP13","DISABLE_GNSS_PROT","SolderJumper-2_P1.3mm_Open_RoundedPad1.0x1.5mm",104.980000,-81.180000,90.000000,top
"JP14","BYPASS_FILTER","R_0402_1005Metric",146.850000,-49.500000,0.000000,top
"JP15","ANT_DETECT","SolderJumper-2_P1.3mm_Bridged_RoundedPad1.0x1.5mm",126.200000,-38.450000,180.000000,top
"JP16","SolderJumper_3_Bridged12","SolderJumper-3_P1.3mm_Bridged12_RoundedPad1.0x1.5mm_NumberLabels",143.430000,-103.040000,90.000000,top
"JP17","DISABLE_5V_PROT","SolderJumper-2_P1.3mm_Open_RoundedPad1.0x1.5mm",151.047071,-94.547069,0.000000,top
"L1","2.2uH","L_Sunlord_MWSA0503S",120.850000,-103.650000,-90.000000,top
"L2","47nH","L_0603_1608Metric",105.320000,-42.600000,0.000000,top
"L3","470nH","L_0603_1608Metric",148.150000,-42.750000,180.000000,top
"L4","2.2uH","L_APV_APH1040",133.119999,-110.655000,180.000000,top
"L5","3.3uH","L_APV_APH1040",141.150000,-93.657069,0.000000,top
"L6","5.1nH","L_0402_1005Metric",105.000000,-49.500000,0.000000,top
"L7","5.1nH","L_0402_1005Metric",105.350000,-52.100000,0.000000,top
"NT1","NetTie_3","NetTie-3_SMD_Pad0.5mm",129.150000,-143.050000,90.000000,top
"NT2","NetTie_3","NetTie-3_SMD_Pad0.5mm",129.200000,-140.250000,-90.000000,top
"Q1","CSD23280F3","Texas_PicoStar_DFN-3_0.69x0.60mm",137.750000,-151.975000,-90.000000,top
"Q2","CSD15380F3","Texas_PicoStar_DFN-3_0.69x0.60mm",137.850000,-150.999000,180.000000,top
"Q3","CSD23280F3","Texas_PicoStar_DFN-3_0.69x0.60mm",137.750000,-153.100000,-90.000000,top
"Q4","CSD15380F3","Texas_PicoStar_DFN-3_0.69x0.60mm",138.875000,-153.150000,0.000000,top
"Q5","AON7544","PQFN-8_L3.1-W3.1-P0.65-LS3.3-BL",100.580000,-126.200000,90.000000,top
"Q6","AON7544","PQFN-8_L3.1-W3.1-P0.65-LS3.3-BL",100.580000,-122.900000,90.000000,top
"Q7","CSD18512Q5B","VSONP-8-1EP_5x6_P1.27mm",103.832500,-97.545000,180.000000,top
"Q8","CSD18512Q5B","VSONP-8-1EP_5x6_P1.27mm",103.832500,-102.995000,180.000000,top
"Q9","SI2308","SOT-23",113.627500,-92.000000,0.000000,top
"Q10","SI2308","SOT-23",109.665000,-92.900000,180.000000,top
"Q11","CSD17577Q3A","VSON-8_3.3x3.3mm_P0.65mm_NexFET",109.550000,-111.080000,180.000000,top
"Q12","AO3401A","SOT-23",113.650000,-44.450000,90.000000,top
"Q13","BSS138","SOT-23",110.350000,-46.650000,90.000000,top
"Q14","2N7002","SOT-23",122.287500,-40.650000,180.000000,top
"Q15","2N7002","SOT-23",127.309571,-98.147069,0.000000,top
"R5","0","R_0402_1005Metric",128.450000,-160.800000,180.000000,top
"R6","0","R_0402_1005Metric",104.750000,-159.850000,90.000000,top
"R7","10k","R_0402_1005Metric",103.650000,-159.850000,90.000000,top
"R8","10M","R_0805_2012Metric",128.787500,-152.050000,-90.000000,top
"R9","10k","R_0402_1005Metric",127.000000,-160.340000,-90.000000,top
"R10","22","R_0402_1005Metric_Pad0.72x0.64mm_HandSolder",118.450000,-137.050000,-90.000000,top
"R11","22","R_0402_1005Metric_Pad0.72x0.64mm_HandSolder",117.150000,-136.997500,-90.000000,top
"R12","0","R_0402_1005Metric",127.550000,-149.150000,90.000000,top
"R13","0","R_0402_1005Metric",128.550000,-149.160000,90.000000,top
"R14","0","R_0402_1005Metric",127.370000,-142.300000,0.000000,top
"R15","0","R_0402_1005Metric",127.370000,-141.000000,0.000000,top
"R16","22","R_0402_1005Metric",103.500000,-141.350000,180.000000,top
"R17","22","R_0402_1005Metric",103.500000,-142.350000,180.000000,top
"R18","0","R_0402_1005Metric",105.650000,-149.900000,0.000000,top
"R19","0","R_0402_1005Metric",105.700000,-148.650000,180.000000,top
"R21","2.2k","R_0402_1005Metric_Pad0.72x0.64mm_HandSolder",131.750000,-143.152500,90.000000,top
"R22","2.2k","R_0402_1005Metric_Pad0.72x0.64mm_HandSolder",120.900000,-137.050000,90.000000,top
"R23","100k","R_0402_1005Metric_Pad0.72x0.64mm_HandSolder",119.650000,-136.997500,90.000000,top
"R24","10k","R_0402_1005Metric_Pad0.72x0.64mm_HandSolder",126.950000,-145.450000,90.000000,top
"R25","10k","R_0402_1005Metric_Pad0.72x0.64mm_HandSolder",105.500000,-146.100000,180.000000,top
"R27","100k","R_0402_1005Metric",145.750000,-145.700000,-90.000000,top
"R28","100k","R_0402_1005Metric",139.150000,-152.050000,0.000000,top
"R29","1M","R_0402_1005Metric",136.800000,-150.150000,-90.000000,top
"R30","100k","R_0402_1005Metric",137.450000,-154.500000,-90.000000,top
"R31","1M","R_0402_1005Metric",139.850000,-153.750000,90.000000,top
"R32","0","R_0402_1005Metric",99.600000,-92.810000,90.000000,top
"R33","0","R_0402_1005Metric",99.600000,-90.210000,90.000000,top
"R34","0","R_0402_1005Metric",98.000000,-96.850000,0.000000,top
"R35","10k","R_0402_1005Metric",130.162500,-148.347500,0.000000,top
"R36","2.2k","R_0402_1005Metric",130.162500,-147.347500,0.000000,top
"R37","2.2k","R_0402_1005Metric",130.162500,-146.347500,0.000000,top
"R38","10k","R_0402_1005Metric",128.520000,-145.700000,-90.000000,top
"R39","150","R_1206_3216Metric",108.300000,-118.050000,0.000000,top
"R40","150","R_1206_3216Metric",118.300000,-121.900000,180.000000,top
"R41","5m","R_Shunt_0805_2012Metric_Kelvin",117.961250,-124.750000,-90.000000,top
"R42","10","R_0402_1005Metric",105.650000,-121.250000,-90.000000,top
"R43","1k","R_0402_1005Metric",111.861250,-127.650000,-90.000000,top
"R44","100","R_0402_1005Metric",103.761250,-124.150000,180.000000,top
"R45","1k","R_0402_1005Metric",108.261250,-126.150000,-90.000000,top
"R46","10k","R_0402_1005Metric",112.980000,-127.650000,-90.000000,top
"R47","330","R_1210_3225Metric",103.861250,-129.950000,180.000000,top
"R48","100","R_0402_1005Metric",106.750000,-124.600000,-90.000000,top
"R49","2","R_0402_1005Metric",107.750000,-98.650000,-90.000000,top
"R51","5.23k","R_0603_1608Metric_Pad0.98x0.95mm_HandSolder",108.812500,-106.450000,0.000000,top
"R52","30.1k","R_0603_1608Metric_Pad0.98x0.95mm_HandSolder",108.800000,-108.050000,180.000000,top
"R53","294","R_0402_1005Metric",108.250000,-95.650000,0.000000,top
"R54","24.3k","R_0603_1608Metric_Pad0.98x0.95mm_HandSolder",108.050000,-103.950000,-90.000000,top
"R55","68.1k","R_0603_1608Metric_Pad0.98x0.95mm_HandSolder",109.890000,-113.950000,180.000000,top
"R56","100k","R_0402_1005Metric",109.750000,-104.800000,0.000000,top
"R57","294","R_0402_1005Metric",107.950000,-101.350000,-90.000000,top
"R58","8.2k","R_0402_1005Metric_Pad0.72x0.64mm_HandSolder",115.390000,-112.150000,0.000000,top
"R59","100","R_0402_1005Metric",109.740000,-103.650000,0.000000,top
"R60","294","R_0402_1005Metric",111.727500,-89.900000,180.000000,top
"R61","294","R_0402_1005Metric",109.727500,-90.600000,0.000000,top
"R62","2","R_0402_1005Metric",107.627500,-94.100000,180.000000,top
"R63","100","R_0402_1005Metric",111.590000,-107.850000,-90.000000,top
"R64","2.2","R_0402_1005Metric_Pad0.72x0.64mm_HandSolder",113.750000,-109.950000,-90.000000,top
"R65","2.2","R_0402_1005Metric_Pad0.72x0.64mm_HandSolder",122.050000,-99.250000,90.000000,top
"R66","3k","R_0402_1005Metric_Pad0.72x0.64mm_HandSolder",111.990000,-97.950000,0.000000,top
"R67","10k","R_0402_1005Metric",113.250000,-51.360000,90.000000,top
"R68","2.2k","R_0402_1005Metric_Pad0.72x0.64mm_HandSolder",111.150000,-72.400000,90.000000,top
"R69","0","R_0402_1005Metric",104.520000,-40.940000,-90.000000,top
"R70","2k","R_0402_1005Metric",105.650000,-73.950000,-90.000000,top
"R71","1k","R_0402_1005Metric",112.350000,-55.250000,180.000000,top
"R72","2.2k","R_0402_1005Metric_Pad0.72x0.64mm_HandSolder",112.250000,-72.400000,90.000000,top
"R73","0","R_0402_1005Metric",105.000000,-41.450000,180.000000,top
"R74","62","R_0805_2012Metric",110.150000,-43.650000,0.000000,top
"R75","0","R_0402_1005Metric_Pad0.72x0.64mm_HandSolder",104.517500,-47.100000,-90.000000,top
"R76","10k","R_0402_1005Metric",109.540000,-55.750000,180.000000,top
"R77","100k","R_0402_1005Metric",113.650000,-46.950000,180.000000,top
"R78","1k","R_0402_1005Metric",105.300000,-71.550000,180.000000,top
"R79","100k","R_0402_1005Metric",108.050000,-46.650000,90.000000,top
"R80","150","R_0402_1005Metric_Pad0.72x0.64mm_HandSolder",104.250000,-53.000000,0.000000,top
"R81","37.4","R_0402_1005Metric_Pad0.72x0.64mm_HandSolder",104.850000,-54.552500,-90.000000,top
"R82","4.7k","R_0402_1005Metric",101.550000,-72.850000,180.000000,top
"R83","150","R_0402_1005Metric_Pad0.72x0.64mm_HandSolder",105.450000,-56.150000,180.000000,top
"R84","150k","R_0402_1005Metric",109.480000,-85.780000,0.000000,top
"R85","215k","R_0603_1608Metric_Pad0.98x0.95mm_HandSolder",110.490000,-87.340000,0.000000,top
"R86","100k","R_0402_1005Metric",111.280000,-84.430000,0.000000,top
"R87","113k","R_0402_1005Metric_Pad0.72x0.64mm_HandSolder",112.180000,-85.780000,0.000000,top
"R88","6.65k","R_0402_1005Metric_Pad0.72x0.64mm_HandSolder",105.477500,-83.580000,0.000000,top
"R89","200k","R_0603_1608Metric_Pad0.98x0.95mm_HandSolder",112.180000,-81.780000,180.000000,top
"R90","301k","R_0402_1005Metric",109.480000,-81.380000,180.000000,top
"R91","100k","R_0402_1005Metric",111.780000,-83.180000,180.000000,top
"R92","10k","R_0402_1005Metric",150.750000,-43.050000,90.000000,top
"R93","0","R_0402_1005Metric",115.550000,-48.450000,90.000000,top
"R94","10k","R_0402_1005Metric",116.750000,-48.450000,-90.000000,top
"R95","0","R_0402_1005Metric_Pad0.72x0.64mm_HandSolder",147.350000,-44.650000,-90.000000,top
"R96","100k","R_0402_1005Metric",146.040000,-60.850000,180.000000,top
"R97","10k","R_0402_1005Metric",146.150000,-70.450000,180.000000,top
"R98","22","R_0402_1005Metric",146.150000,-68.450000,180.000000,top
"R99","1k","R_0402_1005Metric",117.150000,-73.450000,180.000000,top
"R100","0","R_0805_2012Metric",112.150000,-75.750000,90.000000,top
"R101","10k","R_0402_1005Metric",117.950000,-48.450000,90.000000,top
"R102","1M","R_0402_1005Metric",124.887500,-40.850000,-90.000000,top
"R103","100","R_0402_1005Metric",124.850000,-97.950000,90.000000,top
"R104","402k","R_0603_1608Metric",139.889999,-102.255000,90.000000,top
"R105","100k","R_0402_1005Metric",141.369999,-102.375001,90.000000,top
"R106","100k","R_0402_1005Metric",129.360000,-96.100000,0.000000,top
"R107","402k","R_0603_1608Metric",129.962071,-99.082069,90.000000,top
"R108","100k","R_0402_1005Metric",128.750000,-99.650000,-90.000000,top
"R109","6.04k","R_0402_1005Metric_Pad0.72x0.64mm_HandSolder",144.589999,-107.765000,180.000000,top
"R110","6.04k","R_0402_1005Metric_Pad0.72x0.64mm_HandSolder",129.412071,-97.102069,0.000000,top
"R111","100","R_0402_1005Metric_Pad0.72x0.64mm_HandSolder",145.439999,-114.065000,180.000000,top
"R112","2.2","R_0805_2012Metric",147.019999,-115.565000,180.000000,top
"R113","10k","R_0402_1005Metric",145.979999,-108.795000,180.000000,top
"R114","10","R_0402_1005Metric_Pad0.72x0.64mm_HandSolder",137.787071,-118.842070,180.000000,top
"R115","402k","R_0603_1608Metric",141.139999,-117.750000,180.000000,top
"R116","174k","R_0402_1005Metric_Pad0.72x0.64mm_HandSolder",143.199999,-117.475000,-90.000000,top
"R117","100","R_0402_1005Metric_Pad0.72x0.64mm_HandSolder",129.782071,-90.692069,0.000000,top
"R118","2.2","R_0805_2012Metric",136.119999,-99.955000,0.000000,top
"R119","10k","R_0402_1005Metric",128.412071,-95.102069,0.000000,top
"R120","10","R_0402_1005Metric",147.612071,-90.422068,-90.000000,top
"R121","402k","R_0603_1608Metric",132.882071,-85.902069,0.000000,top
"R122","101k","R_0805_2012Metric_Pad1.20x1.40mm_HandSolder",129.532071,-85.902069,0.000000,top
"R123","1k","R_0402_1005Metric_Pad0.72x0.64mm_HandSolder",140.350000,-119.050000,0.000000,top
"R124","1k","R_0402_1005Metric_Pad0.72x0.64mm_HandSolder",133.332071,-83.682069,90.000000,top
"R125","86.6k","R_0402_1005Metric",150.542071,-87.502069,180.000000,top
"R126","3.92k","R_0402_1005Metric",149.132071,-88.012069,-90.000000,top
"R127","27.4k","R_0402_1005Metric",148.192071,-88.012068,90.000000,top
"R128","549","R_0402_1005Metric_Pad0.72x0.64mm_HandSolder",153.884999,-88.050000,90.000000,top
"R129","280k","R_0603_1608Metric",150.622071,-92.452069,0.000000,top
"R130","100k","R_0402_1005Metric",148.662071,-92.952069,-90.000000,top
"R131","100k","R_0402_1005Metric",149.492071,-90.512069,-90.000000,top
"R132","10k","R_0402_1005Metric",149.832928,-102.627929,0.000000,top
"R134","0","R_0402_1005Metric",103.450000,-84.450000,90.000000,top
"R135","10k","R_0402_1005Metric",113.110000,-116.950000,0.000000,top
"SW1","ESP_RESET","SW_Push_SPST_NO_Alps_SKRK",129.450000,-163.350000,180.000000,top
"SW2","BOOT","SW_Push_SPST_NO_Alps_SKRK",103.950000,-163.250000,0.000000,top
"SW3","POWER/RESET","SW_Push_SPST_NO_Alps_SKRK",101.100000,-113.700000,-90.000000,top
"SW4","RESET_GNSS","SW_Push_SPST_NO_Alps_SKRK",100.750000,-60.650000,90.000000,top
"SW5","SAFEBOOT_GNSS","SW_Push_SPST_NO_Alps_SKRK",116.150000,-54.060000,0.000000,top
"TP1","R_SENSE_SHUNT","TestPoint_2Pads_Pitch2.54mm_Drill0.8mm",129.550000,-124.800000,0.000000,top
"TP2","IN_CP","TestPoint_2Pads_Pitch2.54mm_Drill0.8mm",104.650000,-117.800000,180.000000,top
"TP3","REG3","TestPoint_Pad_D1.0mm",115.550000,-126.550000,0.000000,top
"TP4","PPHV","TestPoint_2Pads_Pitch2.54mm_Drill0.8mm",102.600000,-93.550000,0.000000,top
"TP5","CS_GPS","TestPoint_2Pads_Pitch2.54mm_Drill0.8mm",110.050000,-77.200000,90.000000,top
"TP6","SYNC_1","TestPoint_2Pads_Pitch2.54mm_Drill0.8mm",142.900000,-83.700000,180.000000,top
"TP7","EN_3V3","TestPoint_Pad_D1.0mm",141.472928,-99.977929,-90.000000,top
"TP8","VSYS","TestPoint_2Pads_Pitch2.54mm_Drill0.8mm",145.760000,-117.750000,0.000000,top
"TP9","VSYS","TestPoint_2Pads_Pitch2.54mm_Drill0.8mm",128.869999,-88.005000,180.000000,top
"TP10","PGOOD","TestPoint_Pad_D1.5mm",147.219999,-106.895000,-90.000000,top
"TP11","PGOOD","TestPoint_Pad_D1.5mm",125.252071,-94.587069,-90.000000,top
"TP12","3V3","TestPoint_2Pads_Pitch2.54mm_Drill0.8mm",130.495000,-104.002533,60.000000,top
"TP13","5V_RAW","TestPoint_2Pads_Pitch2.54mm_Drill0.8mm",137.700000,-83.700000,180.000000,top
"TP14","5V","TestPoint_2Pads_Pitch2.54mm_Drill0.8mm",153.884999,-94.950000,90.000000,top
"TP16","SYNC_2","TestPoint_2Pads_Pitch2.54mm_Drill0.8mm",149.322928,-111.877929,90.000000,top
"U1","ESP32-S3-WROOM-1-N16R8","ESP32-S3-WROOM-1",116.450000,-152.260000,180.000000,top
"U2","QMC6309","X1-WLB0808-4_L0.8-W0.8-P0.40-TL",143.250000,-158.650000,-90.000000,top
"U4","TPD8S300A","WQFN-20_L3.0-W3.0-P0.40-TL-EP1.7",142.120000,-147.287500,90.000000,top
"U5","TPS25751DREFR","Texas_REF0038A_WQFN-38-2EP_6x4mm_P0.4",134.925000,-145.732500,-90.000000,top
"U7","MAX17320G22+","QFN-24_L4.0-W4.0-P0.50-BL-EP2.6",110.842500,-123.650000,-90.000000,top
"U8","BQ25798","Texas_RQM0029A_VQFN-29_4x4mm_P0.4mm",113.900000,-103.700000,-90.000000,top
"U9","NEO-F10N","ublox_NEO",110.750000,-63.650000,-90.000000,top
"U10","TPS7A2033PDBVR","SOT-23-5_L2.9-W1.6-P0.95-LS2.8-BR",105.080000,-87.880000,180.000000,top
"U11","TPS259474LRPWR","VQFN-10_L2.0-W2.0-P0.45-TL",108.740000,-83.380000,180.000000,top
"U12","E22P-915M30S","COMM-SMD_22P-P2.54-L38.5-W24.0_E22-400M33S",132.100000,-63.400000,180.000000,top
"U13","LM61460AASQRJRRQ1","VQFN-14-HR_L4.0-W3.5-TL_LM61460AASQRJRRQ1",142.684999,-110.650000,180.000000,top
"U14","LM61460AASQRJRRQ1","VQFN-14-HR_L4.0-W3.5-TL_LM61460AASQRJRRQ1",131.637071,-93.657069,0.000000,top
"U15","TPS259474ARPWR","VQFN-10_L2.0-W2.0-P0.45-TL",151.377071,-89.422069,0.000000,top
"U16","SN74LVC1G74","X2SON-8_1.4x1mm_P0.35mm",149.907928,-97.962929,90.000000,top
"U19","SN74LV1T34DCK","SOT-353_SC-70-5",125.250000,-136.450000,90.000000,top
"Y1","32.768kHz","Crystal_SMD_3215-2Pin_3.2x1.5mm",131.050000,-151.600000,-90.000000,top
"Y2","SX1M4.000M10F30TNN","Oscillator_SMD_SiT_PQFN-4Pin_2.0x1.6mm",149.922928,-100.527929,90.000000,top
